unix_time,readable_time_utc0,t0,t1,t0_fees,t1_fees,t0_t1_name,total_value,unclaimed,rate
1761276089,2025-10-24 03:21:29,69560.61097740673,50643.379429166234,3.6186458865108952,2.8042449090346855,Aster/Tether USD,127181.86496458731,6.785890152669528,1.1003135892564364
